-- Seed v2: regras de elegibilidade, montantes e documentos
-- Corre DEPOIS de schema_v2.sql e seed.sql

insert into eligibility_rules (funding_id,label,field,operator,value,value2,severity,explain_pass,explain_fail,sort_order) values ((select id from funding_opportunities where name = 'Prémio Instalação Jovens Agricultores (C.2.2.1)' limit 1),'Idade entre 18 e 40','promoter_age','between','18','40','eliminatoria','Idade dentro do limite do programa.','Fora do intervalo 18-40 não é elegível como jovem agricultor.',0);
insert into eligibility_rules (funding_id,label,field,operator,value,value2,severity,explain_pass,explain_fail,sort_order) values ((select id from funding_opportunities where name = 'Prémio Instalação Jovens Agricultores (C.2.2.1)' limit 1),'Primeira instalação','first_install','is_true',null,null,'eliminatoria','Declarou ser primeira instalação.','Se já esteve instalado como responsável de exploração, não cumpre. Confirmar histórico de Pedido Único (regra dos 2 anos).',1);
insert into eligibility_rules (funding_id,label,field,operator,value,value2,severity,explain_pass,explain_fail,sort_order) values ((select id from funding_opportunities where name = 'Prémio Instalação Jovens Agricultores (C.2.2.1)' limit 1),'Tem ou vai ter NIFAP','has_nifap','is_true',null,null,'aviso','Tem NIFAP — requisito base coberto.','Sem NIFAP terá de o obter antes de candidatar. Não é eliminatório agora, mas é passo obrigatório.',2);
insert into eligibility_rules (funding_id,label,field,operator,value,value2,severity,explain_pass,explain_fail,sort_order) values ((select id from funding_opportunities where name = 'Prémio Instalação Jovens Agricultores (C.2.2.1)' limit 1),'Atividade agrícola aberta','activity_open','is_true',null,null,'aviso','Atividade aberta nas Finanças.','Terá de abrir atividade com CAE agrícola; atenção à regra de não estar inscrito há mais de 2 anos.',3);
insert into funding_amounts (funding_id,label,kind,rate,fixed_amount,cap,base_field,notes) values ((select id from funding_opportunities where name = 'Prémio Instalação Jovens Agricultores (C.2.2.1)' limit 1),'Prémio base à instalação','fixo',null,50000,null,'budget_eur','Até 55.000€ em zona vulnerável / instalação como ATP. Valor de referência — VALIDAR no aviso.');
insert into funding_documents_required (funding_id,name,hint,mandatory,sort_order) values ((select id from funding_opportunities where name = 'Prémio Instalação Jovens Agricultores (C.2.2.1)' limit 1),'NIFAP ativo','Registo no IFAP; sem isto não há candidatura.',true,0);
insert into funding_documents_required (funding_id,name,hint,mandatory,sort_order) values ((select id from funding_opportunities where name = 'Prémio Instalação Jovens Agricultores (C.2.2.1)' limit 1),'Plano de Negócios a 5 anos','Coerência entre investimentos e atividade é o que mais pesa na análise.',true,1);
insert into funding_documents_required (funding_id,name,hint,mandatory,sort_order) values ((select id from funding_opportunities where name = 'Prémio Instalação Jovens Agricultores (C.2.2.1)' limit 1),'Certidão de não dívida às Finanças','Tem de estar regularizada à data da candidatura.',true,2);
insert into funding_documents_required (funding_id,name,hint,mandatory,sort_order) values ((select id from funding_opportunities where name = 'Prémio Instalação Jovens Agricultores (C.2.2.1)' limit 1),'Certidão de não dívida à Segurança Social','Idem — situação contributiva regularizada.',true,3);
insert into funding_documents_required (funding_id,name,hint,mandatory,sort_order) values ((select id from funding_opportunities where name = 'Prémio Instalação Jovens Agricultores (C.2.2.1)' limit 1),'Comprovativo de formação/capacidade agrícola','Pode ser exigido; confirmar no aviso.',false,4);

insert into eligibility_rules (funding_id,label,field,operator,value,value2,severity,explain_pass,explain_fail,sort_order) values ((select id from funding_opportunities where name = 'Investimento Produtivo Jovens Agricultores (C.2.2.2)' limit 1),'Idade entre 18 e 40','promoter_age','between','18','40','eliminatoria','Dentro do limite.','Fora de 18-40 não elegível.',0);
insert into eligibility_rules (funding_id,label,field,operator,value,value2,severity,explain_pass,explain_fail,sort_order) values ((select id from funding_opportunities where name = 'Investimento Produtivo Jovens Agricultores (C.2.2.2)' limit 1),'Primeira instalação','first_install','is_true',null,null,'eliminatoria','Primeira instalação declarada.','Não pode ter recebido antes ajudas ao investimento agrícola nem prémio à instalação.',1);
insert into eligibility_rules (funding_id,label,field,operator,value,value2,severity,explain_pass,explain_fail,sort_order) values ((select id from funding_opportunities where name = 'Investimento Produtivo Jovens Agricultores (C.2.2.2)' limit 1),'Tem orçamento de investimento','budget_eur','gte','1',null,'aviso','Há investimento previsto para apoiar.','Sem investimento previsto, esta medida não se aplica (é o prémio que se aplica).',2);
insert into funding_amounts (funding_id,label,kind,rate,fixed_amount,cap,base_field,notes) values ((select id from funding_opportunities where name = 'Investimento Produtivo Jovens Agricultores (C.2.2.2)' limit 1),'Apoio ao investimento','percentagem',50,null,125000,'budget_eur','Taxa até 60% conforme aviso; teto de referência. VALIDAR escalões.');
insert into funding_documents_required (funding_id,name,hint,mandatory,sort_order) values ((select id from funding_opportunities where name = 'Investimento Produtivo Jovens Agricultores (C.2.2.2)' limit 1),'Plano de negócios a 5 anos','Início dos 5 anos = data do 1.º investimento.',true,0);
insert into funding_documents_required (funding_id,name,hint,mandatory,sort_order) values ((select id from funding_opportunities where name = 'Investimento Produtivo Jovens Agricultores (C.2.2.2)' limit 1),'Orçamentos dos investimentos','Despesa antes da data elegível não conta.',true,1);
insert into funding_documents_required (funding_id,name,hint,mandatory,sort_order) values ((select id from funding_opportunities where name = 'Investimento Produtivo Jovens Agricultores (C.2.2.2)' limit 1),'NIFAP e atividade aberta','',true,2);
insert into funding_documents_required (funding_id,name,hint,mandatory,sort_order) values ((select id from funding_opportunities where name = 'Investimento Produtivo Jovens Agricultores (C.2.2.2)' limit 1),'Certidões fiscal e contributiva','',true,3);

insert into eligibility_rules (funding_id,label,field,operator,value,value2,severity,explain_pass,explain_fail,sort_order) values ((select id from funding_opportunities where name = 'Investimento Produtivo Agrícola — Modernização (C.2.1.1)' limit 1),'Exerce atividade agrícola','activity_open','is_true',null,null,'eliminatoria','Atividade agrícola aberta.','Esta medida é para quem já exerce atividade agrícola (não exige ser jovem).',0);
insert into eligibility_rules (funding_id,label,field,operator,value,value2,severity,explain_pass,explain_fail,sort_order) values ((select id from funding_opportunities where name = 'Investimento Produtivo Agrícola — Modernização (C.2.1.1)' limit 1),'Tem orçamento de investimento','budget_eur','gte','1',null,'aviso','Investimento previsto.','É preciso um projeto de investimento com viabilidade.',1);
insert into funding_amounts (funding_id,label,kind,rate,fixed_amount,cap,base_field,notes) values ((select id from funding_opportunities where name = 'Investimento Produtivo Agrícola — Modernização (C.2.1.1)' limit 1),'Modernização — até 500k','percentagem',50,null,250000,'budget_eur','50% até 500.000€ de elegível; 40% acima. VALIDAR custos unitários na OT.');
insert into funding_documents_required (funding_id,name,hint,mandatory,sort_order) values ((select id from funding_opportunities where name = 'Investimento Produtivo Agrícola — Modernização (C.2.1.1)' limit 1),'Projeto / estudo de viabilidade económica','Sem viabilidade demonstrada é indeferido.',true,0);
insert into funding_documents_required (funding_id,name,hint,mandatory,sort_order) values ((select id from funding_opportunities where name = 'Investimento Produtivo Agrícola — Modernização (C.2.1.1)' limit 1),'Orçamentos','',true,1);
insert into funding_documents_required (funding_id,name,hint,mandatory,sort_order) values ((select id from funding_opportunities where name = 'Investimento Produtivo Agrícola — Modernização (C.2.1.1)' limit 1),'NIFAP e atividade aberta','',true,2);
insert into funding_documents_required (funding_id,name,hint,mandatory,sort_order) values ((select id from funding_opportunities where name = 'Investimento Produtivo Agrícola — Modernização (C.2.1.1)' limit 1),'Licenciamentos aplicáveis','Pecuária, construção, etc., conforme o investimento.',false,3);

insert into eligibility_rules (funding_id,label,field,operator,value,value2,severity,explain_pass,explain_fail,sort_order) values ((select id from funding_opportunities where name = 'Sistema de Incentivos de Base Territorial — Alentejo (ALT2030-2026-16)' limit 1),'Localização no Alentejo','location_district','in','Évora,Beja,Portalegre,Setúbal,Santarém',null,'eliminatoria','Distrito dentro da NUTS II Alentejo (aproximação).','Tem de ser efetivamente NUTS II Alentejo. Setúbal/Santarém só em parte — confirmar concelho.',0);
insert into funding_amounts (funding_id,label,kind,rate,fixed_amount,cap,base_field,notes) values ((select id from funding_opportunities where name = 'Sistema de Incentivos de Base Territorial — Alentejo (ALT2030-2026-16)' limit 1),'Incentivo de base territorial','percentagem',60,null,null,'budget_eur','Até ~60%; investimentos de pequena dimensão. VALIDAR no aviso.');
insert into funding_documents_required (funding_id,name,hint,mandatory,sort_order) values ((select id from funding_opportunities where name = 'Sistema de Incentivos de Base Territorial — Alentejo (ALT2030-2026-16)' limit 1),'Plano de investimento','',true,0);
insert into funding_documents_required (funding_id,name,hint,mandatory,sort_order) values ((select id from funding_opportunities where name = 'Sistema de Incentivos de Base Territorial — Alentejo (ALT2030-2026-16)' limit 1),'Estudo de viabilidade','',true,1);
insert into funding_documents_required (funding_id,name,hint,mandatory,sort_order) values ((select id from funding_opportunities where name = 'Sistema de Incentivos de Base Territorial — Alentejo (ALT2030-2026-16)' limit 1),'Comprovativo de localização e dimensão da empresa','Micro/pequena, menos de 3 anos para ''criação''.',true,2);

insert into eligibility_rules (funding_id,label,field,operator,value,value2,severity,explain_pass,explain_fail,sort_order) values ((select id from funding_opportunities where name = 'Comunidades de Energia Renovável e Autoconsumo Coletivo' limit 1),'Tem edifícios/instalações','buildings','neq','',null,'aviso','Há onde instalar produção.','Precisa de local para UPAC; confirmar viabilidade técnica.',0);
insert into funding_amounts (funding_id,label,kind,rate,fixed_amount,cap,base_field,notes) values ((select id from funding_opportunities where name = 'Comunidades de Energia Renovável e Autoconsumo Coletivo' limit 1),'Comparticipação energia','percentagem',50,null,null,'budget_eur','Definida por aviso (voucher/percentagem). Dirigido a autoconsumo COLETIVO.');
insert into funding_documents_required (funding_id,name,hint,mandatory,sort_order) values ((select id from funding_opportunities where name = 'Comunidades de Energia Renovável e Autoconsumo Coletivo' limit 1),'Constituição de ACC/CER','Autoconsumo coletivo, não individual.',true,0);
insert into funding_documents_required (funding_id,name,hint,mandatory,sort_order) values ((select id from funding_opportunities where name = 'Comunidades de Energia Renovável e Autoconsumo Coletivo' limit 1),'Projeto técnico','',true,1);
insert into funding_documents_required (funding_id,name,hint,mandatory,sort_order) values ((select id from funding_opportunities where name = 'Comunidades de Energia Renovável e Autoconsumo Coletivo' limit 1),'Registo na DGEG (conforme aplicável)','',false,2);

-- ------------------------------------------------------------
-- PDFs originais conhecidos (das fontes oficiais pesquisadas)
-- ------------------------------------------------------------
update funding_opportunities set pdf_url = 'https://pepacc.pt/wp-content/uploads/2025/09/OT_221_-Investimento_05092025_4periodo.pdf'
  where name = 'Prémio Instalação Jovens Agricultores (C.2.2.1)' and (pdf_url is null or pdf_url = '');

update funding_opportunities set pdf_url = 'https://pepacc.pt/wp-content/uploads/2025/08/AVISO_Candidatura_211_Exploracoes-Agricolas_28082025.pdf'
  where name = 'Investimento Produtivo Agrícola — Modernização (C.2.1.1)' and (pdf_url is null or pdf_url = '');

-- ------------------------------------------------------------
-- Regra extra: apoios anteriores afetam "primeira instalação"
-- (usa o novo campo received_aid_before)
-- ------------------------------------------------------------
insert into eligibility_rules (funding_id,label,field,operator,value,value2,severity,explain_pass,explain_fail,sort_order)
select id,'Sem apoios agrícolas anteriores','received_aid_before','is_false',null,null,'aviso',
 'Não recebeu apoios antes — coerente com primeira instalação.',
 'Já recebeu apoios agrícolas. Se foi há mais de 2 anos, pode comprometer a primeira instalação. Confirmar datas do Pedido Único.',
 5
from funding_opportunities where name = 'Prémio Instalação Jovens Agricultores (C.2.2.1)';
